Pseudonym,Model,Commit,Acc (↑),EOD (↓),F1 (↑)
1cC8Dc8Cec,my_model,53f3e8c8,0.8155,0.04146138832686064,0.471195184866724
0E1Ab9df1e,my_model,d27101db,0.5041,0.006498415941550872,0.31797551918580663
24A21C9cBC,my_model,5268a558,0.8111,0.015074989366734404,0.5097326758370101
